DB_06_A_002,1.04066732669483
DB_01_A_002,0.040650399789670076
DB_06_A_049,1.469795880384325
DB_08_A_096,6.289966576393836
DB_13_A_071,4.885540092435408
DB_13_A_100,6.812668441022983
DB_08_A_018,3.3075016802186394
DB_11_A_002,7.985751971664145
DB_13_A_044,5.539352251944308
DB_13_A_009,5.179800917111044
DB_04_A_070,7.257098733679149
DB_04_A_046,6.350433660317909
DB_22_A_083,8.522011140168624
DB_10_A_091,5.4287147724204985
DB_10_A_084,7.614613669617042
DB_20_A_027,4.294500318267083
DB_22_A_063,5.669160231217361
DB_13_A_031,5.40782415183614
DB_17_A_069,7.702989270349815
DB_22_A_046,3.6465223917677902
DB_10_A_007,8.59530961251927
DB_22_A_018,4.937582861701298
DB_20_A_012,1.84858995197789
DB_15_A_088,2.477901023485764
DB_22_A_007,5.116662881410919
DB_11_A_007,12.104921297277802
DB_10_A_002,7.1897073156731
DB_09_A_002,4.433251224700857
DB_13_A_080,6.530930143316495
DB_15_A_066,5.372380445071965
DB_12_A_022,4.0093107559778565
DB_15_A_053,1.8454193649562327
DB_22_A_023,5.159373487266881
DB_20_A_017,4.226460895860067
DB_19_A_021,16.850984237861912
DB_17_A_029,8.591898424490184
DB_08_A_034,2.644291981163054
DB_16_A_061,7.926561935853651
DB_19_A_025,11.862817951650369
DB_18_A_094,10.139936675414841
DB_01_A_010,0.37265791544615273
DB_05_A_073,0.12035734521207747
DB_05_A_089,0.09700892115259696
DB_05_A_002,0.1337187818250463
DB_01_A_001,1.1441270341590126
DB_01_A_003,0.008701007599071475
DB_01_A_004,0.08494734181070132
DB_01_A_005,0.020943180309925376
DB_01_A_006,0.2694660338458496
DB_01_A_007,0.2898278624869893
DB_01_A_008,1.0259648754373873
DB_01_A_009,0.40172893447616326
DB_01_A_011,1.562056405516763
DB_01_A_012,0.08324662291154726
DB_01_A_013,0.42077056644087024
DB_01_A_014,0.1487536931410785
DB_01_A_015,0.11515861264362347
DB_01_A_016,0.0010893710683357997
DB_01_A_017,1.599795405791876
DB_01_A_018,0.49356293738230483
DB_01_A_019,1.1833049298429104
DB_01_A_020,0.4191503539707738
DB_01_A_021,0.9117359401463159
DB_01_A_022,1.8001253309435723
DB_01_A_023,0.5447917819255734
DB_01_A_024,0.03623667904827766
DB_01_A_025,0.254767238927327
DB_01_A_026,1.1409256439817792
DB_01_A_027,1.544185634698814
DB_01_A_028,1.7918190372796636
DB_01_A_029,0.5432596497881733
DB_01_A_030,0.18322846255221092
DB_01_A_031,0.07928706373941267
DB_01_A_032,0.7148673220865085
DB_01_A_033,0.11939059174562203
DB_01_A_034,1.3270254958476861
DB_01_A_035,0.7003504878668873
DB_01_A_036,0.004342516442044993
DB_01_A_037,0.03952328475004794
DB_01_A_038,0.22837873285866586
DB_01_A_039,0.5506868658592218
DB_01_A_040,0.3535138380421904
DB_01_A_041,1.2853222020556812
DB_01_A_042,1.5387986164965157
DB_01_A_043,0.06162248141935316
DB_01_A_044,0.8217521102444721
DB_01_A_045,1.3532840889887827
DB_01_A_046,0.09776198872267043
DB_01_A_047,0.27815141074686034
DB_01_A_048,0.4667116792546385
DB_01_A_049,0.48831719060703527
DB_01_A_050,0.03797842698044861
DB_01_A_051,0.1487101525167276
DB_01_A_052,0.25713528244149386
DB_01_A_053,0.112957648543869
DB_01_A_054,1.8130050815744395e-05
DB_01_A_055,0.23686743948210787
DB_01_A_056,0.4644055073083659
DB_01_A_057,0.261700911802031
DB_01_A_058,0.44436402882498804
DB_01_A_059,0.15865999033030753
DB_01_A_060,0.15340662152590612
DB_01_A_061,0.754026414760315
DB_01_A_062,0.2545365915594153
DB_01_A_063,1.2149808114666907
DB_01_A_064,0.1395360299272986
DB_01_A_065,0.1509156872797194
DB_01_A_066,2.0742995917934626
DB_01_A_067,0.0930037380106508
DB_01_A_068,0.5920686320372794
DB_01_A_069,0.454483356964232
DB_01_A_070,0.11731510761833136
DB_01_A_071,0.563707906969103
DB_01_A_072,4.284873187392895e-05
DB_01_A_073,0.1641855585836124
DB_01_A_074,0.31653924113575915
DB_01_A_075,0.2021380674093706
DB_01_A_076,0.0026951190728442785
DB_01_A_077,1.6603379024461207
DB_01_A_078,0.03269174437600087
DB_01_A_079,5.288603599742348e-06
DB_01_A_080,0.8935834224907618
DB_01_A_081,0.1484387456707764
DB_01_A_082,0.1807367069104871
DB_01_A_083,2.369423122857727
DB_01_A_084,0.018085526475282786
DB_01_A_085,0.3774757516338323
DB_01_A_086,0.12387612700605494
DB_01_A_087,0.12481077643356539
DB_01_A_088,0.904070318362693
DB_01_A_089,0.10853365178504279
DB_01_A_090,0.09302795414759428
DB_01_A_091,0.035676637597109886
DB_01_A_092,0.1765831781976612
DB_01_A_093,0.12870031750442074
DB_01_A_094,0.43187390157805533
DB_01_A_095,0.1165571813327713
DB_01_A_096,1.665583681359675
DB_01_A_097,1.355447676043763
DB_01_A_098,0.41425474585930405
DB_01_A_099,0.16314435276065536
DB_01_A_100,1.300888833575801
DB_02_A_001,3.44762247946956
DB_02_A_002,1.595677479466582
DB_02_A_003,1.1657019799940007
DB_02_A_004,2.2589043776085322
DB_02_A_005,2.513864980508911
DB_02_A_006,2.0072071679585473
DB_02_A_007,2.3242383428669955
DB_02_A_008,1.6595829547289624
DB_02_A_009,3.749322583120115
DB_02_A_010,2.0096654059705594
DB_02_A_011,5.526817242951491
DB_02_A_012,2.495722558309374
DB_02_A_013,3.5646321960461815
DB_02_A_014,2.504640251787664
DB_02_A_015,2.774350356413726
DB_02_A_016,1.6405602874314151
DB_02_A_017,3.2269081981006624
DB_02_A_018,3.8506308760462438
DB_02_A_019,3.9051447063443345
DB_02_A_020,2.6840535933092546
DB_02_A_021,3.6644253604063723
DB_02_A_022,2.4456146475278735
DB_02_A_023,2.25998191917927
DB_02_A_024,1.4784904324249277
DB_02_A_025,2.543177236514928
DB_02_A_026,4.034972109220305
DB_02_A_027,3.220274296802075
DB_02_A_028,3.1557104343783093
DB_02_A_029,4.675870008060477
DB_02_A_030,2.1043296514258194
DB_02_A_031,2.550349138664388
DB_02_A_032,3.706876954041801
DB_02_A_033,2.654708605232778
DB_02_A_034,2.7356577088486604
DB_02_A_035,4.459839440631138
DB_02_A_036,1.1164812024849984
DB_02_A_037,2.0858145794726806
DB_02_A_038,2.4902651449049773
DB_02_A_039,3.483375551104234
DB_02_A_040,3.44667940099298
DB_02_A_041,4.790169163991792
DB_02_A_042,2.96467077071554
DB_02_A_043,2.0334062933852417
DB_02_A_044,4.210168344068841
DB_02_A_045,5.884140871834341
DB_02_A_046,2.721495356406683
DB_02_A_047,3.79323729757093
DB_02_A_048,4.222791518658139
DB_02_A_049,4.0054077346749954
DB_02_A_050,1.9356481189715682
DB_02_A_051,2.474398152648011
DB_02_A_052,1.5831584501040792
DB_02_A_053,3.009390106934999
DB_02_A_054,0.8225739380968166
DB_02_A_055,2.1680988074558574
DB_02_A_056,2.476645717192689
DB_02_A_057,2.943573861911661
DB_02_A_058,1.6381349366276128
DB_02_A_059,2.966952731316008
DB_02_A_060,3.4963340551886013
DB_02_A_061,3.6252232321379467
DB_02_A_062,3.1058112578674737
DB_02_A_063,4.3580305373253765
DB_02_A_064,3.0379266647490977
DB_02_A_065,2.6357367884584697
DB_02_A_066,3.9558314659883322
DB_02_A_067,2.315323318933365
DB_02_A_068,3.1175353534295023
DB_02_A_069,4.054637125269959
DB_02_A_070,2.696271411511204
DB_02_A_071,3.690630299695361
DB_02_A_072,0.8466784467067252
DB_02_A_073,1.7569865491890078
DB_02_A_074,3.1457720953221386
DB_02_A_075,2.9419937751079464
DB_02_A_076,0.8802902238872237
DB_02_A_077,5.175608592719161
DB_02_A_078,2.2163173700076464
DB_02_A_079,0.8452695130664823
DB_02_A_080,4.551891458715761
DB_02_A_081,1.7628092234663755
DB_02_A_082,2.829241760429292
DB_02_A_083,6.249602637476231
DB_02_A_084,1.573295378161733
DB_02_A_085,2.241128915405596
DB_02_A_086,2.8998799227245198
DB_02_A_087,2.7400582706138827
DB_02_A_088,3.2195272791667096
DB_02_A_089,2.4568608131579173
DB_02_A_090,1.792776909996487
DB_02_A_091,1.3991312472021444
DB_02_A_092,2.206061889265601
DB_02_A_093,2.9503655351836944
DB_02_A_094,3.5335760968923355
DB_02_A_095,2.3256395569502595
DB_02_A_096,6.1452060805462425
DB_02_A_097,4.399015352745508
DB_02_A_098,3.113752919188993
DB_02_A_099,2.454566060441122
DB_02_A_100,4.905824179901198
DB_03_A_001,5.525308682304229
DB_03_A_002,2.745635122271069
DB_03_A_003,2.540056503304467
DB_03_A_004,3.7284877740645745
DB_03_A_005,3.752824816872797
DB_03_A_006,2.7821365453082842
DB_03_A_007,4.391816955979004
DB_03_A_008,3.589261826177803
DB_03_A_009,5.845407045854283
DB_03_A_010,3.7210531586291076
DB_03_A_011,8.068104542552666
DB_03_A_012,4.3821192136077105
DB_03_A_013,6.172627743716549
DB_03_A_014,4.690747764353094
DB_03_A_015,4.647558172328864
DB_03_A_016,2.670735347128081
DB_03_A_017,3.9504685726293314
DB_03_A_018,5.171245675795688
DB_03_A_019,6.2115269320682
DB_03_A_020,5.024501981921145
DB_03_A_021,10.149650510786696
DB_03_A_022,4.56961942057471
DB_03_A_023,3.368287439906211
DB_03_A_024,1.695819679642668
DB_03_A_025,4.3881012510740565
DB_03_A_026,6.797238623804707
DB_03_A_027,4.117538815196265
DB_03_A_028,4.188964611365458
DB_03_A_029,5.214749072843948
DB_03_A_030,4.208787682002965
DB_03_A_031,4.957821415983197
DB_03_A_032,4.737453713768029
DB_03_A_033,3.9657906466394865
DB_03_A_034,3.7777893475729147
DB_03_A_035,5.742066109834706
DB_03_A_036,2.6153516776051844
DB_03_A_037,3.0166299610696923
DB_03_A_038,3.5338649657468633
DB_03_A_039,6.1233311917300455
DB_03_A_040,6.124887086680442
DB_03_A_041,6.494714939333139
DB_03_A_042,3.7225197154340384
DB_03_A_043,2.096918586519779
DB_03_A_044,6.199974783967903
DB_03_A_045,8.707141522239343
DB_03_A_046,4.052330050649548
DB_03_A_047,4.7474862502339725
DB_03_A_048,5.218842480583939
DB_03_A_049,5.652374699098585
DB_03_A_050,2.9854460390496205
DB_03_A_051,4.118872797867897
DB_03_A_052,4.916921523998916
DB_03_A_053,3.780706282605462
DB_03_A_054,2.2346910795553923
DB_03_A_055,3.911495190303211
DB_03_A_056,4.209568984009171
DB_03_A_057,5.604133687234999
DB_03_A_058,3.7733387146386526
DB_03_A_059,3.7772510920408204
DB_03_A_060,4.210482035624741
DB_03_A_061,5.301787079669969
DB_03_A_062,4.683360695957017
DB_03_A_063,6.321279668086822
DB_03_A_064,4.453580898291329
DB_03_A_065,4.163061920806096
DB_03_A_066,8.564777763630468
DB_03_A_067,3.681442676549853
DB_03_A_068,4.688292153533009
DB_03_A_069,5.635133131576574
DB_03_A_070,4.117747508980445
DB_03_A_071,5.923661049758492
DB_03_A_072,1.6883355099311184
DB_03_A_073,2.8662012844779765
DB_03_A_074,4.979597989447244
DB_03_A_075,5.131552786028231
DB_03_A_076,1.545294443449756
DB_03_A_077,7.221843475800133
DB_03_A_078,3.42402006468179
DB_03_A_079,1.6719310255792377
DB_03_A_080,7.183253867052682
DB_03_A_081,2.9192942826109096
DB_03_A_082,5.547610564140638
DB_03_A_083,8.680977238627461
DB_03_A_084,2.866992046217724
DB_03_A_085,3.23612152682831
DB_03_A_086,4.742447883147521
DB_03_A_087,4.21960415523263
DB_03_A_088,3.7351022225323463
DB_03_A_089,5.128838217245575
DB_03_A_090,3.6053695945184088
DB_03_A_091,2.615465109896487
DB_03_A_092,4.94857600635498
DB_03_A_093,4.339863986617246
DB_03_A_094,5.54437504529766
DB_03_A_095,1.7232314972069998
DB_03_A_096,7.920197619716443
DB_03_A_097,6.478326459152228
DB_03_A_098,5.82540278522327
DB_03_A_099,4.28338335328314
DB_03_A_100,7.658326022960719
DB_04_A_001,8.076069324236519
DB_04_A_002,4.39835690584396
DB_04_A_003,3.513103493097475
DB_04_A_004,5.714369047582614
DB_04_A_005,5.156382379371502
DB_04_A_006,4.596545867706725
DB_04_A_007,6.540336589115828
DB_04_A_008,6.009032045346159
DB_04_A_009,7.454107200668976
DB_04_A_010,4.7047979785189815
DB_04_A_011,9.66474290490012
DB_04_A_012,6.989717905058935
DB_04_A_013,7.600023377838864
DB_04_A_014,6.520838428953683
DB_04_A_015,7.276890677691043
DB_04_A_016,5.07852148820023
DB_04_A_017,6.6511714840913205
DB_04_A_018,8.327066377228018
DB_04_A_019,8.592994240704758
DB_04_A_020,6.932430943308375
DB_04_A_021,8.677515321663556
DB_04_A_022,6.522352398992487
DB_04_A_023,6.417088070201639
DB_04_A_024,3.200677614287702
DB_04_A_025,7.337751641704468
DB_04_A_026,9.092848724437479
DB_04_A_027,5.392377550889214
DB_04_A_028,5.445916206611889
DB_04_A_029,8.073657036229294
DB_04_A_030,1.0108834735045247
DB_04_A_031,7.217644005469577
DB_04_A_032,7.9723721921240305
DB_04_A_033,5.7309050375315405
DB_04_A_034,6.110247607771871
DB_04_A_035,8.238793284722083
DB_04_A_036,3.7775511567550217
DB_04_A_037,7.650600142126881
DB_04_A_038,5.9488314323587606
DB_04_A_039,8.161231489037407
DB_04_A_040,9.088454810210894
DB_04_A_041,8.818189689082363
DB_04_A_042,5.94960990476464
DB_04_A_043,5.217878732335646
DB_04_A_044,8.400240788566656
DB_04_A_045,10.042737377097794
DB_04_A_047,8.062122148937185
DB_04_A_048,8.21369560855297
DB_04_A_049,7.7052809963084545
DB_04_A_050,6.4034805025718295
DB_04_A_051,6.761595546136072
DB_04_A_052,6.990294399566721
DB_04_A_053,6.8252618846651085
DB_04_A_054,3.708004548904354
DB_04_A_055,5.8258417721683955
DB_04_A_056,6.948918351866354
DB_04_A_057,7.99789243065673
DB_04_A_058,6.598121996666553
DB_04_A_059,7.000807871508376
DB_04_A_060,6.995578032129887
DB_04_A_061,7.931994579737193
DB_04_A_062,7.248044366269098
DB_04_A_063,9.41634941911566
DB_04_A_064,7.89249934369626
DB_04_A_065,7.310650363384196
DB_04_A_066,10.029986791716444
DB_04_A_067,6.973144941725647
DB_04_A_068,7.280322577237223
DB_04_A_069,7.678025597842426
DB_04_A_071,7.224067738434161
DB_04_A_072,3.54080218387805
DB_04_A_073,4.504505190080518
DB_04_A_074,8.07917609102672
DB_04_A_075,7.084082956983962
DB_04_A_076,4.01700673100378
DB_04_A_077,9.64455475895476
DB_04_A_078,7.412805278756159
DB_04_A_079,4.1210794287731165
DB_04_A_080,8.806276708981331
DB_04_A_081,5.095876630160197
DB_04_A_082,7.608313537539837
DB_04_A_083,10.348661468433992
DB_04_A_084,5.369348239075787
DB_04_A_085,5.325552199214977
DB_04_A_086,6.7518644337732105
DB_04_A_087,6.808797611295041
DB_04_A_088,5.666626362009648
DB_04_A_089,6.390752420621728
DB_04_A_090,4.612922148924099
DB_04_A_091,4.829589921251409
DB_04_A_092,6.409785019700284
DB_04_A_093,7.645155658199303
DB_04_A_094,7.127589587932155
DB_04_A_095,3.5611984699169565
DB_04_A_096,10.745292240905178
DB_04_A_097,8.755811265390765
DB_04_A_098,8.563076546988231
DB_04_A_099,7.891431467745676
DB_04_A_100,10.744427115703315
DB_05_A_001,1.0125594381204246
DB_05_A_003,0.06870510062800045
DB_05_A_004,0.09603984757821092
DB_05_A_005,0.06120730297439456
DB_05_A_006,0.16406901432028417
DB_05_A_007,0.2635480317256406
DB_05_A_008,1.14174296813185
DB_05_A_009,0.4205248661606021
DB_05_A_010,0.29636811321539636
DB_05_A_011,1.0589934429863899
DB_05_A_012,0.0767238920936738
DB_05_A_013,0.12140288410318018
DB_05_A_014,0.06680581955389958
DB_05_A_015,0.08339302806173336
DB_05_A_016,0.07958700296650716
DB_05_A_017,1.6594933636503557
DB_05_A_018,0.14791680741664257
DB_05_A_019,0.43832636078117687
DB_05_A_020,0.24077999757812737
DB_05_A_021,2.647460615447043
DB_05_A_022,1.8570433623588252
DB_05_A_023,0.4495173727095184
DB_05_A_024,0.1268122063854654
DB_05_A_025,0.15783073693512056
DB_05_A_026,0.25718936652355856
DB_05_A_027,1.775149865272996
DB_05_A_028,1.9114731624751746
DB_05_A_029,0.31944252495791936
DB_05_A_030,0.10915400678103852
DB_05_A_031,0.07252652783394435
DB_05_A_032,0.45763960525157893
DB_05_A_033,0.05340926087896003
DB_05_A_034,1.5449383608842797
DB_05_A_035,0.1401842681293187
DB_05_A_036,0.06797804990362581
DB_05_A_037,0.08312889442105156
DB_05_A_038,0.19337561620629506
DB_05_A_039,0.286367204377578
DB_05_A_040,0.15768628105117669
DB_05_A_041,0.8086184146281574
DB_05_A_042,1.3611857792763986
DB_05_A_043,0.14487954367171027
DB_05_A_044,0.2299276451512809
DB_05_A_045,0.5817490816429894
DB_05_A_046,0.08071887078171724
DB_05_A_047,0.13521180913836495
DB_05_A_048,0.28369351962436357
DB_05_A_049,0.105786989611547
DB_05_A_050,0.07591897547650686
DB_05_A_051,0.06798995611308034
DB_05_A_052,0.09380364674265161
DB_05_A_053,0.07485186382053122
DB_05_A_054,0.08137804562417972
DB_05_A_055,0.10146245703913725
DB_05_A_056,0.34932423711123417
DB_05_A_057,0.1381143808582418
DB_05_A_058,0.6219005267147556
DB_05_A_059,0.0793748336465847
DB_05_A_060,0.06600639744156786
DB_05_A_061,0.572262151803604
DB_05_A_062,0.11472514869859682
DB_05_A_063,1.1445299284198212
DB_05_A_064,0.08096906904113631
DB_05_A_065,0.10511443483251615
DB_05_A_066,1.1846461057276172
DB_05_A_067,0.07079750103576646
DB_05_A_068,0.30785063605765717
DB_05_A_069,0.20983296221707182
DB_05_A_070,0.05937272646258389
DB_05_A_071,0.22033311488494245
DB_05_A_072,0.04641447513327275
DB_05_A_074,0.18156744673548886
DB_05_A_075,0.11240472310197121
DB_05_A_076,0.10690517858293001
DB_05_A_077,0.7777999553510782
DB_05_A_078,0.06782252911245118
DB_05_A_079,0.09185186543618487
DB_05_A_080,0.6684595507845253
DB_05_A_081,0.24360517450523012
DB_05_A_082,0.11968105409659346
DB_05_A_083,1.8662597075511214
DB_05_A_084,0.0720315818978409
DB_05_A_085,0.48366974417284797
DB_05_A_086,0.05982554314836665
DB_05_A_087,0.06184147766382147
DB_05_A_088,1.0616757019709044
DB_05_A_090,0.16121363407580866
DB_05_A_091,0.1114200579847767
DB_05_A_092,0.19169446440703386
DB_05_A_093,0.09340487455161957
DB_05_A_094,0.11207634640661128
DB_05_A_095,0.09947066491232354
DB_05_A_096,0.8337000136098222
DB_05_A_097,1.212747607989743
DB_05_A_098,0.0787481150850181
DB_05_A_099,0.09627135444722686
DB_05_A_100,0.7746269168095593
DB_06_A_001,1.9926737884415362
DB_06_A_003,0.5149407959706634
DB_06_A_004,0.8118856794689185
DB_06_A_005,1.4397700906386806
DB_06_A_006,0.7349242553707371
DB_06_A_007,1.2270957009695196
DB_06_A_008,1.5827869295063925
DB_06_A_009,1.466602085799829
DB_06_A_010,1.0135424006687925
DB_06_A_011,2.5860868464828655
DB_06_A_012,0.9129894551567974
DB_06_A_013,1.3628393121523497
DB_06_A_014,0.6585445243953556
DB_06_A_015,1.0782390795706132
DB_06_A_016,0.4425429199545443
DB_06_A_017,2.2739280429852653
DB_06_A_018,1.6094620322975286
DB_06_A_019,2.436319633929018
DB_06_A_020,1.2590504158353655
DB_06_A_021,4.911358138068928
DB_06_A_022,2.4002967134396536
DB_06_A_023,1.0894115092077084
DB_06_A_024,0.3392446860619974
DB_06_A_025,0.8940963340622702
DB_06_A_026,2.263327717226306
DB_06_A_027,2.22067583624697
DB_06_A_028,2.04516692996356
DB_06_A_029,2.096378535782863
DB_06_A_030,0.8096966055248102
DB_06_A_031,1.5236004978014366
DB_06_A_032,1.3203503271354342
DB_06_A_033,0.9163470050876059
DB_06_A_034,1.8367074833730221
DB_06_A_035,1.4517762481791978
DB_06_A_036,0.1865690620979202
DB_06_A_037,0.6103556216332632
DB_06_A_038,1.3217385237970176
DB_06_A_039,1.3708339088176522
DB_06_A_040,1.34438722227634
DB_06_A_041,2.847495067145186
DB_06_A_042,2.271882928617861
DB_06_A_043,0.7243001245963617
DB_06_A_044,1.6772541728241548
DB_06_A_045,2.886153910259266
DB_06_A_046,1.0248769714609296
DB_06_A_047,1.771692907385586
DB_06_A_048,1.6383000244591603
DB_06_A_050,0.704179307751188
DB_06_A_051,0.9607532302205668
DB_06_A_052,1.0096212679603358
DB_06_A_053,1.0257220790057335
DB_06_A_054,0.29635709449787373
DB_06_A_055,0.9018831267741722
DB_06_A_056,1.3758305761337457
DB_06_A_057,1.3186692811103988
DB_06_A_058,1.390481507015734
DB_06_A_059,0.9002859623670354
DB_06_A_060,0.8810529824997215
DB_06_A_061,1.950506398180557
DB_06_A_062,1.3238231220736574
DB_06_A_063,2.7927017806917203
DB_06_A_064,1.1532657507062225
DB_06_A_065,1.1038527652782697
DB_06_A_066,2.1505282705478184
DB_06_A_067,0.9386645898388902
DB_06_A_068,1.3099989405743757
DB_06_A_069,1.9699689317229976
DB_06_A_070,0.9918269365333162
DB_06_A_071,1.590455572327844
DB_06_A_072,0.1399395859179428
DB_06_A_073,0.45057571811207053
DB_06_A_074,1.328303205823592
DB_06_A_075,1.1342209563507855
DB_06_A_076,0.3186594270875395
DB_06_A_077,2.831754226529483
DB_06_A_078,0.9136959812515769
DB_06_A_079,0.1523279087629148
DB_06_A_080,2.7390498484060073
DB_06_A_081,0.8973699831091552
DB_06_A_082,0.9745838081799212
DB_06_A_083,3.4227975662857166
DB_06_A_084,0.2792612432945255
DB_06_A_085,0.9452019493594518
DB_06_A_086,0.6914672653866097
DB_06_A_087,1.0098368623219183
DB_06_A_088,1.3127708105689853
DB_06_A_089,0.9678055305316112
DB_06_A_090,0.5674413508781658
DB_06_A_091,0.6322050262519674
DB_06_A_092,1.0200163809111529
DB_06_A_093,1.0483553884907704
DB_06_A_094,1.4222642508787717
DB_06_A_095,0.39534323788889775
DB_06_A_096,2.9440241627946797
DB_06_A_097,2.3915360207086658
DB_06_A_098,1.1359594709235432
DB_06_A_099,0.8260509115114508
DB_06_A_100,2.325236919343752
DB_07_A_001,2.7521949617285473
DB_07_A_002,1.217862364035755
DB_07_A_003,0.5229033774578142
DB_07_A_004,1.0549183938162334
DB_07_A_005,0.45136455177826573
DB_07_A_006,1.0149981782378108
DB_07_A_007,2.653597892385315
DB_07_A_008,2.387733218306263
DB_07_A_009,1.6548223676544782
DB_07_A_010,2.0379931992745406
DB_07_A_011,3.9219088271849243
DB_07_A_012,1.1150107315917401
DB_07_A_013,2.096945200538557
DB_07_A_014,1.2486241907636233
DB_07_A_015,1.4514449378235614
DB_07_A_016,0.4637596507005521
DB_07_A_017,2.4152561936045673
DB_07_A_018,2.3648943356418504
DB_07_A_019,2.8809031460458585
DB_07_A_020,1.7742930155020091
DB_07_A_021,6.302631866034935
DB_07_A_022,2.670343488263674
DB_07_A_023,2.5454521542574273
DB_07_A_024,0.7455166153507145
DB_07_A_025,1.472299664862614
DB_07_A_026,3.3505123007316433
DB_07_A_027,2.8310373744760016
DB_07_A_028,2.5651031856598783
DB_07_A_029,2.038060733057458
DB_07_A_030,0.34253959450275917
DB_07_A_031,0.7666714150027237
DB_07_A_032,2.472638327280699
DB_07_A_033,1.3651216572109013
DB_07_A_034,2.2917793233976242
DB_07_A_035,2.465772873047308
DB_07_A_036,0.6341218145539536
DB_07_A_037,0.7097576501597304
DB_07_A_038,1.6208837719847207
DB_07_A_039,2.316742902186755
DB_07_A_040,1.9299988430476458
DB_07_A_041,2.681916012358323
DB_07_A_042,2.0810868772547844
DB_07_A_043,0.6623913825879424
DB_07_A_044,2.23816273900016
DB_07_A_045,4.0113476313635115
DB_07_A_046,1.2660155034418252
DB_07_A_047,1.1284889092990542
DB_07_A_048,1.5959003536448424
DB_07_A_049,2.134743381147208
DB_07_A_050,0.6655423928381164
DB_07_A_051,1.250347701557014
DB_07_A_052,1.9040346001836796
DB_07_A_053,1.1550345670783029
DB_07_A_054,0.10465500319978108
DB_07_A_055,1.7406721608631344
DB_07_A_056,2.752181368734088
DB_07_A_057,1.5750739127258495
DB_07_A_058,2.630503533140122
DB_07_A_059,1.2067871739417932
DB_07_A_060,1.204950645147512
DB_07_A_061,2.44198497619292
DB_07_A_062,1.9731819537587931
DB_07_A_063,2.9308520296741993
DB_07_A_064,1.4675772700997751
DB_07_A_065,1.489856048359856
DB_07_A_066,4.881503820676652
DB_07_A_067,1.1522817393123974
DB_07_A_068,1.9024380442334616
DB_07_A_069,1.7668273549330276
DB_07_A_070,1.3760880371673996
DB_07_A_071,2.416176191006224
DB_07_A_072,0.713767271306717
DB_07_A_073,1.1329385814760398
DB_07_A_074,1.6989093793746157
DB_07_A_075,1.538742140885383
DB_07_A_076,0.22680729084038784
DB_07_A_077,4.038345382928076
DB_07_A_078,0.68541220941682
DB_07_A_079,0.12683723944527878
DB_07_A_080,2.4962840972511957
DB_07_A_081,1.7580754575526307
DB_07_A_082,1.681950470834837
DB_07_A_083,5.130307396006063
DB_07_A_084,0.4619780010639189
DB_07_A_085,1.1601278133636657
DB_07_A_086,1.299750080356922
DB_07_A_087,1.4429837714830742
DB_07_A_088,1.8977627622067963
DB_07_A_089,1.3964363424864747
DB_07_A_090,1.1052583340606734
DB_07_A_091,0.9351493213037623
DB_07_A_092,1.2323111365276227
DB_07_A_093,1.5291032384162029
DB_07_A_094,2.151526837874507
DB_07_A_095,1.2033462448900707
DB_07_A_096,4.3359037509563
DB_07_A_097,3.2081450720549767
DB_07_A_098,1.9076159152782979
DB_07_A_099,1.4348524938400293
DB_07_A_100,3.7645489850343488
DB_08_A_001,4.009698456726139
DB_08_A_002,1.4058722287047138
DB_08_A_003,1.0716983296337361
DB_08_A_004,2.4273609939869094
DB_08_A_005,2.3403677137377636
DB_08_A_006,1.632933906381271
DB_08_A_007,2.4330120684990275
DB_08_A_008,2.567412579464585
DB_08_A_009,3.0029192126050703
DB_08_A_010,1.8630335077260691
DB_08_A_011,5.265358992956936
DB_08_A_012,2.315785581579015
DB_08_A_013,3.739928911628823
DB_08_A_014,2.2724252724375336
DB_08_A_015,2.2711068781410417
DB_08_A_016,1.2929689342211987
DB_08_A_017,2.52517074041781
DB_08_A_019,4.057068751389026
DB_08_A_020,2.752691372214091
DB_08_A_021,7.367090748443454
DB_08_A_022,2.7771484609064636
DB_08_A_023,2.309152706347116
DB_08_A_024,0.680065847632367
DB_08_A_025,3.154203865117029
DB_08_A_026,4.776105490264772
DB_08_A_027,2.663129962522881
DB_08_A_028,2.79573089771262
DB_08_A_029,4.231649291567178
DB_08_A_030,1.7378384384517453
DB_08_A_031,2.4469393917926587
DB_08_A_032,3.5413975892477434
DB_08_A_033,2.3865998504930337
DB_08_A_035,4.109266394944268
DB_08_A_036,0.7569957427046666
DB_08_A_037,1.698794411759562
DB_08_A_038,2.206125466709493
DB_08_A_039,3.7004932566036337
DB_08_A_040,3.321939922414334
DB_08_A_041,4.499383851378543
DB_08_A_042,2.888300583351062
DB_08_A_043,1.4694337199268528
DB_08_A_044,4.386011579789677
DB_08_A_045,5.29682291305574
DB_08_A_046,2.5321718924009318
DB_08_A_047,3.274805381017619
DB_08_A_048,3.215326607714122
DB_08_A_049,2.7227416030449976
DB_08_A_050,1.8148704944481042
DB_08_A_051,2.4300454491968004
DB_08_A_052,2.718780435932823
DB_08_A_053,2.374880648211906
DB_08_A_054,0.7127499684732084
DB_08_A_055,2.0216816152733257
DB_08_A_056,2.7249877235339848
DB_08_A_057,2.889301727626378
DB_08_A_058,3.0820623972125616
DB_08_A_059,2.287237461735145
DB_08_A_060,2.8187358294455893
DB_08_A_061,3.839104441312003
DB_08_A_062,3.0272976144841874
DB_08_A_063,3.995448212061997
DB_08_A_064,2.6717685709111088
DB_08_A_065,2.5182749809123486
DB_08_A_066,6.033769190761942
DB_08_A_067,2.9951353903049696
DB_08_A_068,2.969152354770852
DB_08_A_069,3.277046437909856
DB_08_A_070,2.507176250295841
DB_08_A_071,3.382047706929672
DB_08_A_072,1.2685103312450328
DB_08_A_073,1.3817493857576477
DB_08_A_074,2.7334764482951193
DB_08_A_075,3.258774251797711
DB_08_A_076,1.1973092839132544
DB_08_A_077,4.689497381655923
DB_08_A_078,1.9649054864069713
DB_08_A_079,0.5470257153157847
DB_08_A_080,3.909493726006275
DB_08_A_081,1.547185812684924
DB_08_A_082,2.705349598149534
DB_08_A_083,6.529037849451063
DB_08_A_084,1.5888904059987015
DB_08_A_085,1.6266914353832822
DB_08_A_086,2.160040752217073
DB_08_A_087,3.0690003313625147
DB_08_A_088,2.912824615885079
DB_08_A_089,2.7087435361628254
DB_08_A_090,2.1048400695822362
DB_08_A_091,1.2392994736264555
DB_08_A_092,2.460437567996674
DB_08_A_093,2.839467827630782
DB_08_A_094,2.7317161370679455
DB_08_A_095,0.5834991811984166
DB_08_A_097,4.04045857039059
DB_08_A_098,3.6034195605359636
DB_08_A_099,2.8354235110520385
DB_08_A_100,5.333835098094022
DB_09_A_001,6.818808481278151
DB_09_A_003,5.360674159625668
DB_09_A_004,6.975285523693129
DB_09_A_005,7.047995370767769
DB_09_A_006,5.823411028945072
DB_09_A_007,7.0783148990736375
DB_09_A_008,5.47688830357966
DB_09_A_009,7.029202325460683
DB_09_A_010,4.624211597004331
DB_09_A_011,10.08740785993432
DB_09_A_012,7.03338455304014
DB_09_A_013,8.254100617459223
DB_09_A_014,6.752439482189669
DB_09_A_015,7.358477293493391
DB_09_A_016,5.700383946607044
DB_09_A_017,7.67581118904376
DB_09_A_018,6.816886869873689
DB_09_A_019,9.266862423577688
DB_09_A_020,5.877168116588953
DB_09_A_021,8.38293357211114
DB_09_A_022,6.674989339909963
DB_09_A_023,6.049968703395039
DB_09_A_024,3.9835222363088065
DB_09_A_025,7.006059623528484
DB_09_A_026,9.547235202585522
DB_09_A_027,6.813153458213627
DB_09_A_028,7.111572261328996
DB_09_A_029,8.916877210031352
DB_09_A_030,4.798417993524277
DB_09_A_031,7.803394861689356
DB_09_A_032,7.848428487818515
DB_09_A_033,7.629313802577778
DB_09_A_034,5.849804201177377
DB_09_A_035,8.236934609002322
DB_09_A_036,5.140387676432069
DB_09_A_037,5.739728252495308
DB_09_A_038,7.8574020542603895
DB_09_A_039,7.688456634124409
DB_09_A_040,8.135950941764452
DB_09_A_041,9.162666313484129
DB_09_A_042,6.946490165250281
DB_09_A_043,5.937620416977105
DB_09_A_044,9.017530151687229
DB_09_A_045,10.923476336546537
DB_09_A_046,7.120598417434128
DB_09_A_047,7.583602196453171
DB_09_A_048,8.018680344684713
DB_09_A_049,8.46535038412294
DB_09_A_050,5.997929410406873
DB_09_A_051,7.383236841566701
DB_09_A_052,5.912813766874051
DB_09_A_053,6.988712646014617
DB_09_A_054,4.378878733388539
DB_09_A_055,6.000588049143999
DB_09_A_056,7.384914712063161
DB_09_A_057,7.339952949505978
DB_09_A_058,5.890789093865666
DB_09_A_059,6.940301465628613
DB_09_A_060,7.745243033651908
DB_09_A_061,8.686738706985471
DB_09_A_062,6.157127234043984
DB_09_A_063,10.046425746153878
DB_09_A_064,7.31971611799111
DB_09_A_065,7.192680912581541
DB_09_A_066,10.815006722253434
DB_09_A_067,7.562187539623695
DB_09_A_068,7.2968543777835615
DB_09_A_069,8.37011996860975
DB_09_A_070,7.884871626785417
DB_09_A_071,8.52485894410819
DB_09_A_072,3.6369244673322716
DB_09_A_073,4.192789103740142
DB_09_A_074,8.219819207932906
DB_09_A_075,7.785653177855335
DB_09_A_076,3.726548967095012
DB_09_A_077,10.37379633688014
DB_09_A_078,6.362748166817189
DB_09_A_079,4.236795017135607
DB_09_A_080,9.233276957921321
DB_09_A_081,7.989655325599768
DB_09_A_082,7.411216042718839
DB_09_A_083,9.135573264747531
DB_09_A_084,4.105447475886011
DB_09_A_085,5.73572833012546
DB_09_A_086,7.286490137658017
DB_09_A_087,7.829521763605711
DB_09_A_088,6.359606552533747
DB_09_A_089,7.824549534634484
DB_09_A_090,6.912132588021153
DB_09_A_091,5.883685539989811
DB_09_A_092,7.229587197609558
DB_09_A_093,5.593021467628018
DB_09_A_094,6.714603821453487
DB_09_A_095,6.958043429753142
DB_09_A_096,9.858568863674117
DB_09_A_097,10.344117595263363
DB_09_A_098,7.452184173411232
DB_09_A_099,7.842796556672046
DB_09_A_100,10.101529015329666
DB_10_A_001,11.174141568138957
DB_10_A_003,6.6354787698438225
DB_10_A_004,8.957100803324085
DB_10_A_005,8.952271740271053
DB_10_A_006,6.938744538960991
DB_10_A_008,7.788285878224401
DB_10_A_009,8.981696424147385
DB_10_A_010,6.955548658354455
DB_10_A_011,11.853315065353756
DB_10_A_012,9.074683189712015
DB_10_A_013,10.354506501958536
DB_10_A_014,8.81128352399608
DB_10_A_015,8.700415124360084
DB_10_A_016,6.45359819272452
DB_10_A_017,8.417297500464523
DB_10_A_018,8.941631591720942
DB_10_A_019,10.908327758390648
DB_10_A_020,8.833636851055562
DB_10_A_021,10.712296786776431
DB_10_A_022,8.216210600505137
DB_10_A_023,8.737971546982106
DB_10_A_024,7.9597812622271675
DB_10_A_025,10.039991720153255
DB_10_A_026,11.486692041006727
DB_10_A_027,8.182169293706137
DB_10_A_028,8.770442566789129
DB_10_A_029,11.187915741858005
DB_10_A_030,8.20925194091704
DB_10_A_031,8.52701029088235
DB_10_A_032,10.417682306388281
DB_10_A_033,9.149136500408629
DB_10_A_034,7.471778302386516
DB_10_A_035,10.820296283062461
DB_10_A_036,6.977117492011386
DB_10_A_037,8.618264364932001
DB_10_A_038,8.347525378508168
DB_10_A_039,10.540674376845134
DB_10_A_040,11.370129509547704
DB_10_A_041,11.546949426687393
DB_10_A_042,8.003311871510796
DB_10_A_043,6.594747611963948
DB_10_A_044,10.415074350243879
DB_10_A_045,13.052694580777935
DB_10_A_046,9.425694865465186
DB_10_A_047,9.679707365979718
DB_10_A_048,10.376534808059999
DB_10_A_049,10.792537595004102
DB_10_A_050,7.664059649885297
DB_10_A_051,8.13676886382889
DB_10_A_052,9.305985562752566
DB_10_A_053,9.089456659677365
DB_10_A_054,6.4954917151925295
DB_10_A_055,7.971570947830307
DB_10_A_056,10.172815689573666
DB_10_A_057,9.133485135354118
DB_10_A_058,8.712482844607122
DB_10_A_059,9.413395416101611
DB_10_A_060,8.940374396090544
DB_10_A_061,10.898011293810711
DB_10_A_062,9.161500528581303
DB_10_A_063,10.706965677403186
DB_10_A_064,8.851355639056555
DB_10_A_065,9.125167232159951
DB_10_A_066,12.552557915651194
DB_10_A_067,7.840774808882033
DB_10_A_068,10.182893845751842
DB_10_A_069,10.161980527952085
DB_10_A_070,8.890852764785324
DB_10_A_071,10.124470135859799
DB_10_A_072,5.266726358313986
DB_10_A_073,5.561977960893886
DB_10_A_074,9.765222080485833
DB_10_A_075,9.833591147571518
DB_10_A_076,6.674833523362397
DB_10_A_077,11.969844816302656
DB_10_A_078,8.036056915917717
DB_10_A_079,6.335383809725694
DB_10_A_080,10.87745650697341
DB_10_A_081,10.118720357358034
DB_10_A_082,10.419248075962347
DB_10_A_083,12.448348618841184
DB_10_A_085,7.469823310699767
DB_10_A_086,9.49985205475815
DB_10_A_087,9.274019122560027
DB_10_A_088,9.445299634286846
DB_10_A_089,8.013032318213224
DB_10_A_090,8.534412748498266
DB_10_A_092,8.536319616697607
DB_10_A_093,9.424227741232572
DB_10_A_094,10.017616896175696
DB_10_A_095,7.746066361702371
DB_10_A_096,12.756450187002088
DB_10_A_097,10.975813911856726
DB_10_A_098,10.040880652158357
DB_10_A_099,9.56220630579668
DB_10_A_100,11.679265193101433
DB_11_A_001,13.133683592371549
DB_11_A_003,7.8639949963340205
DB_11_A_004,11.759455568807498
DB_11_A_005,10.995481854105059
DB_11_A_006,9.77599900132769
DB_11_A_008,11.452376375775371
DB_11_A_009,10.946786036320898
DB_11_A_010,9.94977752837319
DB_11_A_011,14.266070113255662
DB_11_A_012,10.21528318750899
DB_11_A_013,11.83264449294615
DB_11_A_014,11.361552438491826
DB_11_A_015,11.195998827290847
DB_11_A_016,10.0647961561635
DB_11_A_017,9.122159969566813
DB_11_A_018,12.109086902557504
DB_11_A_019,12.249520721973502
DB_11_A_020,10.070892530057654
DB_11_A_021,15.454433665626475
DB_11_A_022,10.035817684105895
DB_11_A_023,11.130506232512078
DB_11_A_024,8.644744446367053
DB_11_A_025,8.198203048582961
DB_11_A_026,13.266501564496542
DB_11_A_027,11.163326952249703
DB_11_A_028,10.1918009820931
DB_11_A_029,11.727697311052797
DB_11_A_030,11.075114585085078
DB_11_A_031,9.202500939706775
DB_11_A_032,11.487514648600193
DB_11_A_033,11.02929119801607
DB_11_A_034,11.747138217401897
DB_11_A_035,12.975840211096953
DB_11_A_036,8.104199561288436
DB_11_A_037,9.254936872569436
DB_11_A_038,10.937118191935959
DB_11_A_039,11.798099269582513
DB_11_A_040,13.286698977775455
DB_11_A_041,13.104848267211455
DB_11_A_042,9.883064689336445
DB_11_A_043,8.794886191310518
DB_11_A_044,12.467538016133327
DB_11_A_045,15.392445988650667
DB_11_A_046,11.789817989580284
DB_11_A_047,11.83443160992992
DB_11_A_048,11.801672494813928
DB_11_A_049,12.250160579639028
DB_11_A_050,10.28376978865983
DB_11_A_051,11.168542085054082
DB_11_A_052,12.141809129343509
DB_11_A_053,11.25517790725814
DB_11_A_054,9.315783634094203
DB_11_A_055,9.82728016867705
DB_11_A_056,10.910649338400116
DB_11_A_057,11.572888069765158
DB_11_A_058,9.920815413691813
DB_11_A_059,10.789375007602299
DB_11_A_060,11.16599888106819
DB_11_A_061,12.171081002014379
DB_11_A_062,11.839689601080936
DB_11_A_063,13.457946309800636
DB_11_A_064,11.73263127912858
DB_11_A_065,10.699435574430183
DB_11_A_066,13.658544890936058
DB_11_A_067,10.821535460982536
DB_11_A_068,11.31212728706334
DB_11_A_069,11.777427736896199
DB_11_A_070,10.839253775641762
DB_11_A_071,11.998612746728874
DB_11_A_072,7.663067584267746
DB_11_A_073,9.528177322843456
DB_11_A_074,10.653756083242069
DB_11_A_075,9.625622007353856
DB_11_A_076,9.373570115026759
DB_11_A_077,11.607599179851743
DB_11_A_078,10.356965551083793
DB_11_A_079,7.833783598523274
DB_11_A_080,12.465969271996379
DB_11_A_081,11.683408704683135
DB_11_A_082,11.353481215668502
DB_11_A_083,13.477929166081346
DB_11_A_084,10.254315855249828
DB_11_A_085,7.694692386541208
DB_11_A_086,10.555007737656592
DB_11_A_087,12.185009204702755
DB_11_A_088,11.930934090309394
DB_11_A_089,11.297809019858882
DB_11_A_090,9.444577799834674
DB_11_A_091,9.121275196664918
DB_11_A_092,10.62373591691615
DB_11_A_093,11.961805709870946
DB_11_A_094,12.966130220944004
DB_11_A_095,10.657692657249118
DB_11_A_096,13.547939831066772
DB_11_A_097,12.349768867606466
DB_11_A_098,11.980427656698156
DB_11_A_099,11.153296924965707
DB_11_A_100,14.106054448466825
DB_12_A_001,3.391833784642948
DB_12_A_002,2.2126850578573283
DB_12_A_003,2.604152473644344
DB_12_A_004,2.5741495468014786
DB_12_A_005,2.8473034233638033
DB_12_A_006,1.833896146006084
DB_12_A_007,3.07282385835206
DB_12_A_008,3.1999104540102663
DB_12_A_009,2.380384904425529
DB_12_A_010,2.786693321608718
DB_12_A_011,3.55079817191631
DB_12_A_012,2.71233440997729
DB_12_A_013,2.5367468918642175
DB_12_A_014,2.300649715263365
DB_12_A_015,2.589801367002396
DB_12_A_016,2.7338937988403402
DB_12_A_017,3.819887491008581
DB_12_A_018,2.45320564036378
DB_12_A_019,3.060598335719926
DB_12_A_020,2.563845590907105
DB_12_A_021,4.910549510792327
DB_12_A_023,3.1183225438247875
DB_12_A_024,2.284927412175648
DB_12_A_025,1.9642284652115327
DB_12_A_026,2.9974870355527203
DB_12_A_027,4.043817785155527
DB_12_A_028,4.623157449965424
DB_12_A_029,2.7545218613901783
DB_12_A_030,2.161336648812825
DB_12_A_031,2.692534097498648
DB_12_A_032,3.3637098210116627
DB_12_A_033,2.4828374507235464
DB_12_A_034,4.0751175829268735
DB_12_A_035,2.5725512086669395
DB_12_A_036,2.634346240854803
DB_12_A_037,2.3237521933683527
DB_12_A_038,2.2436954743336734
DB_12_A_039,3.1692072827189803
DB_12_A_040,2.95195426897058
DB_12_A_041,3.2620592385271876
DB_12_A_042,3.6207052523734946
DB_12_A_043,2.8033117636580247
DB_12_A_044,3.0747850851961425
DB_12_A_045,3.043734476713165
DB_12_A_046,2.506666721910542
DB_12_A_047,2.9081055057834844
DB_12_A_048,2.907901200767235
DB_12_A_049,2.7378579837930697
DB_12_A_050,2.3566990201547666
DB_12_A_051,2.6036739217045777
DB_12_A_052,2.405601187524441
DB_12_A_053,2.475427289059067
DB_12_A_054,2.5997801658311364
DB_12_A_055,2.4301458051014877
DB_12_A_056,2.757046620372159
DB_12_A_057,2.32818482205796
DB_12_A_058,2.665772443995514
DB_12_A_059,2.337578591133876
DB_12_A_060,2.3259473980343692
DB_12_A_061,3.120270088199666
DB_12_A_062,2.380688344824229
DB_12_A_063,3.8466458609645677
DB_12_A_064,2.394814269519313
DB_12_A_065,2.8777022667712036
DB_12_A_066,2.732959109895078
DB_12_A_067,2.655031559291473
DB_12_A_068,2.63492394168792
DB_12_A_069,2.9675990456690577
DB_12_A_070,2.4768138208458215
DB_12_A_071,2.814325535022979
DB_12_A_072,2.6043386732193783
DB_12_A_073,1.80766171365376
DB_12_A_074,2.8449029740629244
DB_12_A_075,2.3748834880409446
DB_12_A_076,2.9572997424336784
DB_12_A_077,3.65072601803828
DB_12_A_078,2.4066880049233963
DB_12_A_079,2.5000510598620997
DB_12_A_080,3.176811103319849
DB_12_A_081,2.690087717934656
DB_12_A_082,2.8352000931265575
DB_12_A_083,4.454448420367001
DB_12_A_084,2.2883203501812566
DB_12_A_085,2.6934971442890663
DB_12_A_086,2.282490083256926
DB_12_A_087,2.739667848180812
DB_12_A_088,3.2466252194481133
DB_12_A_089,2.2069683875574646
DB_12_A_090,2.005177003929215
DB_12_A_091,1.896173182139837
DB_12_A_092,2.492067752362329
DB_12_A_093,2.909942857259986
DB_12_A_094,2.4398027514760603
DB_12_A_095,2.4215678377190044
DB_12_A_096,3.466720881293068
DB_12_A_097,3.9047889975623082
DB_12_A_098,2.442855685544208
DB_12_A_099,2.605869886492269
DB_12_A_100,3.1742837855018937
DB_13_A_001,4.9529958727423375
DB_13_A_002,4.231684628118381
DB_13_A_003,3.579986158798919
DB_13_A_004,3.755290601791839
DB_13_A_005,4.514963640129395
DB_13_A_006,3.697077187733786
DB_13_A_007,3.8782679391934307
DB_13_A_008,5.2984366960693325
DB_13_A_010,4.143790875440861
DB_13_A_011,6.242352394570889
DB_13_A_012,4.6725420856044355
DB_13_A_013,4.732711878783471
DB_13_A_014,3.8685969009053927
DB_13_A_015,5.144953038153117
DB_13_A_016,3.242493860102998
DB_13_A_017,5.0280407032767345
DB_13_A_018,5.027035454727088
DB_13_A_019,6.611277139433083
DB_13_A_020,4.495394022943689
DB_13_A_021,8.29245845309232
DB_13_A_022,5.200847459062032
DB_13_A_023,4.937583992344094
DB_13_A_024,3.2077769308838517
DB_13_A_025,4.301630220205622
DB_13_A_026,5.3209721709635724
DB_13_A_027,5.105418003582152
DB_13_A_028,5.27642916417697
DB_13_A_029,6.126747344355899
DB_13_A_030,3.109036467608805
DB_13_A_032,4.358890516177242
DB_13_A_033,5.016609692355837
DB_13_A_034,4.892507483538651
DB_13_A_035,4.586277821904463
DB_13_A_036,3.3765365061954897
DB_13_A_037,3.588372120433213
DB_13_A_038,4.184291703117358
DB_13_A_039,4.630476136681945
DB_13_A_040,4.869003984354012
DB_13_A_041,6.54481328315465
DB_13_A_042,5.307956944397914
DB_13_A_043,3.6481451719974523
DB_13_A_045,7.80073610861054
DB_13_A_046,4.22070960196079
DB_13_A_047,5.55747648609483
DB_13_A_048,5.469752302590053
DB_13_A_049,4.811139080717451
DB_13_A_050,3.396551781491589
DB_13_A_051,3.8304996471633377
DB_13_A_052,4.271855649261237
DB_13_A_053,4.419481528135312
DB_13_A_054,3.2472506927161198
DB_13_A_055,4.506741709469883
DB_13_A_056,4.759771244042367
DB_13_A_057,4.732773447709948
DB_13_A_058,4.399658560902434
DB_13_A_059,4.802134076175338
DB_13_A_060,4.04409283889599
DB_13_A_061,5.569676131615758
DB_13_A_062,4.792748400267904
DB_13_A_063,6.46467999032368
DB_13_A_064,4.454734875421103
DB_13_A_065,3.972774791498807
DB_13_A_066,5.750216082025842
DB_13_A_067,4.2698648172504585
DB_13_A_068,4.340321109030526
DB_13_A_069,6.759786634426633
DB_13_A_070,4.3260141769085765
DB_13_A_072,3.0273731429876514
DB_13_A_073,4.387387095984686
DB_13_A_074,4.8144001629120075
DB_13_A_075,4.313815627836466
DB_13_A_076,3.1176810273982323
DB_13_A_077,6.090633571467279
DB_13_A_078,4.223185007088009
DB_13_A_079,2.637189000080765
DB_13_A_081,3.9573330318250486
DB_13_A_082,4.374919503794778
DB_13_A_083,7.971388991972037
DB_13_A_084,3.506017215182126
DB_13_A_085,4.1207778895747165
DB_13_A_086,3.8248183860514473
DB_13_A_087,3.8858361761869173
DB_13_A_088,5.001129444177621
DB_13_A_089,4.377531486191782
DB_13_A_090,3.915898884486674
DB_13_A_091,4.0784896089009
DB_13_A_092,4.141765433286253
DB_13_A_093,4.848080321533931
DB_13_A_094,4.392198546501333
DB_13_A_095,3.3543718276800236
DB_13_A_096,7.088821005235611
DB_13_A_097,5.610207396777383
DB_13_A_098,4.576066024316144
DB_13_A_099,4.38697568042639
DB_14_A_001,5.611448612600651
DB_14_A_002,4.110038874425407
DB_14_A_003,2.976919401033587
DB_14_A_004,4.128124184144614
DB_14_A_005,3.306289230472782
DB_14_A_006,3.7000465409461305
DB_14_A_007,4.446749455495918
DB_14_A_008,5.096714348684722
DB_14_A_009,4.0390081227764965
DB_14_A_010,5.3371616890933185
DB_14_A_011,7.225973496420466
DB_14_A_012,3.6378872348812084
DB_14_A_013,4.879422393940931
DB_14_A_014,4.2002151565055055
DB_14_A_015,4.364552728260348
DB_14_A_016,3.3800635541313584
DB_14_A_017,5.318558344020938
DB_14_A_018,5.184847140093465
DB_14_A_019,5.981228221823583
DB_14_A_020,4.950846066264261
DB_14_A_021,9.853056269270164
DB_14_A_022,5.384735646042354
DB_14_A_023,5.514628284154983
DB_14_A_024,3.311779895948519
DB_14_A_025,4.47871148236522
DB_14_A_026,6.686858288965103
DB_14_A_027,5.301154405931273
DB_14_A_028,5.355668321640036
DB_14_A_029,5.010282257080088
DB_14_A_030,3.958937730231965
DB_14_A_031,3.7463641504793137
DB_14_A_032,5.557532146277138
DB_14_A_033,4.794882824157564
DB_14_A_034,5.057013151352521
DB_14_A_035,4.9754115330173185
DB_14_A_036,3.160237309212711
DB_14_A_037,4.358887640906554
DB_14_A_038,4.6282518406672555
DB_14_A_039,5.55004235011682
DB_14_A_040,5.190124713776231
DB_14_A_041,5.663006661479646
DB_14_A_042,4.532330614921198
DB_14_A_043,3.366137699952122
DB_14_A_044,5.230800017860933
DB_14_A_045,7.756261954059385
DB_14_A_046,4.344218220047479
DB_14_A_047,4.14518683670389
DB_14_A_048,4.410993466558129
DB_14_A_049,5.254134951170264
DB_14_A_050,3.8970936686700774
DB_14_A_051,4.089571876621635
DB_14_A_052,4.889602469003566
DB_14_A_053,4.129022085208316
DB_14_A_054,2.8292310273208066
DB_14_A_055,4.398622159553398
DB_14_A_056,5.861975832188993
DB_14_A_057,4.620666176174645
DB_14_A_058,5.649157753832561
DB_14_A_059,4.360429086680934
DB_14_A_060,4.626794230472674
DB_14_A_061,5.297484626039513
DB_14_A_062,4.679731800680336
DB_14_A_063,6.587174956735878
DB_14_A_064,5.008549988057578
DB_14_A_065,4.1220475954551326
DB_14_A_066,7.688343009798345
DB_14_A_067,4.148276583689158
DB_14_A_068,4.713663988440102
DB_14_A_069,4.8571325983495806
DB_14_A_070,4.448073386417122
DB_14_A_071,5.659559537756879
DB_14_A_072,2.7293579893710884
DB_14_A_073,3.9023948657375396
DB_14_A_074,4.6203195533625845
DB_14_A_075,4.048469428123892
DB_14_A_076,2.766356018914977
DB_14_A_077,6.613237489812539
DB_14_A_078,3.245412122770086
DB_14_A_079,2.4375981832244893
DB_14_A_080,5.066422703022764
DB_14_A_081,4.298559860928051
DB_14_A_082,4.631741978980696
DB_14_A_083,8.015138348988122
DB_14_A_084,3.6150878159152793
DB_14_A_085,3.753904246642751
DB_14_A_086,4.2260790726199415
DB_14_A_087,4.717840829164133
DB_14_A_088,5.35555339308572
DB_14_A_089,3.711218220349521
DB_14_A_090,3.612364858438366
DB_14_A_091,3.6493421780007242
DB_14_A_092,3.981915461057616
DB_14_A_093,4.286417718961237
DB_14_A_094,4.846882694766039
DB_14_A_095,3.91920935067938
DB_14_A_096,7.481781701143272
DB_14_A_097,6.189559615483549
DB_14_A_098,4.583605548902476
DB_14_A_099,4.322881353625358
DB_14_A_100,7.463161418834464
DB_15_A_001,3.3210327115628724
DB_15_A_002,1.030795225431406
DB_15_A_003,0.8589598737705623
DB_15_A_004,1.7688970976523242
DB_15_A_005,1.4412542546167615
DB_15_A_006,0.8065569687669041
DB_15_A_007,2.4555229124775253
DB_15_A_008,2.0796273831122805
DB_15_A_009,2.4153483224922
DB_15_A_010,1.5737405303003689
DB_15_A_011,4.580590488264219
DB_15_A_012,1.725583384931241
DB_15_A_013,2.5124400959532927
DB_15_A_014,1.8560075378786867
DB_15_A_015,2.2003148397391064
DB_15_A_016,1.1368322288570465
DB_15_A_017,2.2020462532519063
DB_15_A_018,2.454173394987492
DB_15_A_019,3.5517652488583598
DB_15_A_020,2.049492706310492
DB_15_A_021,7.191644676566418
DB_15_A_022,3.1575625434517507
DB_15_A_023,2.068948365358762
DB_15_A_024,0.6977568324114446
DB_15_A_025,2.1405680566045504
DB_15_A_026,3.6667300315956215
DB_15_A_027,2.83381912070426
DB_15_A_028,2.6172519319849785
DB_15_A_029,2.7652540977402382
DB_15_A_030,1.8229568156585458
DB_15_A_031,2.016130265005795
DB_15_A_032,2.9384322020510747
DB_15_A_033,1.886428923652773
DB_15_A_034,2.5944245669339985
DB_15_A_035,3.05424321225288
DB_15_A_036,1.147611190140141
DB_15_A_037,1.4341862913618408
DB_15_A_038,1.69364521897374
DB_15_A_039,3.059013278990884
DB_15_A_040,2.376741590697359
DB_15_A_041,3.7396443976432905
DB_15_A_042,2.574257716758449
DB_15_A_043,0.7313708251676847
DB_15_A_044,3.520001910305623
DB_15_A_045,4.979284238721608
DB_15_A_046,2.213848280548708
DB_15_A_047,2.2362914484525707
DB_15_A_048,2.654317739949927
DB_15_A_049,2.5983466462119655
DB_15_A_050,1.3201379645194244
DB_15_A_051,1.9366945106692328
DB_15_A_052,2.4725193935223415
DB_15_A_054,0.5509523946682604
DB_15_A_055,1.7677467827209734
DB_15_A_056,2.185002170088245
DB_15_A_057,2.168843878147202
DB_15_A_058,2.5756694081189315
DB_15_A_059,1.8288414812687508
DB_15_A_060,1.963013485538374
DB_15_A_061,3.133607637461185
DB_15_A_062,2.1462456670778205
DB_15_A_063,3.5329993314180816
DB_15_A_064,2.6542862312348965
DB_15_A_065,2.078623642664795
DB_15_A_067,1.738476608116416
DB_15_A_068,2.2361120699779096
DB_15_A_069,3.0429238007510246
DB_15_A_070,1.9595633709325633
DB_15_A_071,3.1740088972595455
DB_15_A_072,0.5783590116174236
DB_15_A_073,0.5363472774391064
DB_15_A_074,2.2769020008950984
DB_15_A_075,2.157392326935254
DB_15_A_076,0.5491542773886638
DB_15_A_077,4.352747830663187
DB_15_A_078,1.5047511110486593
DB_15_A_079,0.5225643443450376
DB_15_A_080,3.81024454393067
DB_15_A_081,2.2859632616224257
DB_15_A_082,1.9864805549736173
DB_15_A_083,5.749687176058968
DB_15_A_084,1.3278773417948402
DB_15_A_085,1.634763801017887
DB_15_A_086,1.9413616661514987
DB_15_A_087,1.8059850550287102
DB_15_A_089,2.208355031235696
DB_15_A_090,1.9473144829263884
DB_15_A_091,1.012917400834503
DB_15_A_092,1.7902402298123272
DB_15_A_093,2.146391582648561
DB_15_A_094,2.5577911153623214
DB_15_A_095,1.7521232339931798
DB_15_A_096,4.375169194818814
DB_15_A_097,3.9913192263088795
DB_15_A_098,2.4207819973594615
DB_15_A_099,1.9812692553343034
DB_15_A_100,4.204208216080694
DB_16_A_001,8.78613980822578
DB_16_A_002,6.27649200350867
DB_16_A_003,3.488880755350955
DB_16_A_004,6.108951070153034
DB_16_A_005,5.196146237422818
DB_16_A_006,4.969413028497497
DB_16_A_007,6.349734347823748
DB_16_A_008,4.852948527646367
DB_16_A_009,6.29680283402905
DB_16_A_010,4.786697735262183
DB_16_A_011,10.133426127986436
DB_16_A_012,6.259554618467673
DB_16_A_013,8.021660781613733
DB_16_A_014,6.1639553503342
DB_16_A_015,7.008889322968017
DB_16_A_016,5.2369927057521535
DB_16_A_017,5.801139724956435
DB_16_A_018,7.3895761112188785
DB_16_A_019,7.275563338407968
DB_16_A_020,5.6361022694043275
DB_16_A_021,8.478191233052618
DB_16_A_022,6.416508462996235
DB_16_A_023,5.574014274196237
DB_16_A_024,3.0433540254365137
DB_16_A_025,6.536611327316633
DB_16_A_026,8.266103025697277
DB_16_A_027,6.083245744186794
DB_16_A_028,5.250861305618361
DB_16_A_029,8.111741288532137
DB_16_A_030,6.101267967558019
DB_16_A_031,6.776081955428077
DB_16_A_032,6.3549796316752145
DB_16_A_033,5.891488429331933
DB_16_A_034,5.531965207114206
DB_16_A_035,7.508279032001682
DB_16_A_036,4.097861863923102
DB_16_A_037,5.390348109164832
DB_16_A_038,5.843862503630492
DB_16_A_039,6.644502882898368
DB_16_A_040,7.737124448746021
DB_16_A_041,8.164821765122293
DB_16_A_042,5.437199685155519
DB_16_A_043,4.301766993363179
DB_16_A_044,8.261845358066042
DB_16_A_045,8.658810646922511
DB_16_A_046,5.778626826294073
DB_16_A_047,6.588601068003566
DB_16_A_048,7.07699711857251
DB_16_A_049,7.32199332371441
DB_16_A_050,5.294996840111364
DB_16_A_051,5.47910142809712
DB_16_A_052,7.857490798819459
DB_16_A_053,6.628779093083505
DB_16_A_054,3.2445575235874857
DB_16_A_055,5.838710713557427
DB_16_A_056,5.703684557883486
DB_16_A_057,6.21877801630392
DB_16_A_058,5.228681271425576
DB_16_A_059,6.679074118326098
DB_16_A_060,5.821281864821026
DB_16_A_062,6.517523065262608
DB_16_A_063,9.263109805156406
DB_16_A_064,6.795306676783537
DB_16_A_065,6.0335704365201215
DB_16_A_066,10.277160307312618
DB_16_A_067,6.0432736544178045
DB_16_A_068,6.602287876861284
DB_16_A_069,7.238607984743046
DB_16_A_070,6.570924854953354
DB_16_A_071,7.138592592798233
DB_16_A_072,3.483331187889468
DB_16_A_073,4.212237143389342
DB_16_A_074,6.387906035149892
DB_16_A_075,6.305183277924581
DB_16_A_076,4.403401212782096
DB_16_A_077,10.133609657174707
DB_16_A_078,5.688100478829819
DB_16_A_079,3.6214924341125703
DB_16_A_080,8.470110290915986
DB_16_A_081,4.9146618194262235
DB_16_A_082,6.540104369299092
DB_16_A_083,10.582203480203292
DB_16_A_084,4.379144261285841
DB_16_A_085,6.097935097403282
DB_16_A_086,5.3165348420725405
DB_16_A_087,6.200660744282964
DB_16_A_088,5.155421110720589
DB_16_A_089,7.313833766498841
DB_16_A_090,5.275954017958721
DB_16_A_091,5.689980247631406
DB_16_A_092,5.442533731808397
DB_16_A_093,6.908978930141273
DB_16_A_094,8.043316030581408
DB_16_A_095,6.313287580105864
DB_16_A_096,9.424477216423718
DB_16_A_097,8.110602174797506
DB_16_A_098,7.489025501617762
DB_16_A_099,6.477346107886807
DB_16_A_100,9.120719993672466
DB_17_A_001,9.565539835287955
DB_17_A_002,5.302310370491852
DB_17_A_003,2.9030629653737323
DB_17_A_004,5.212624399916037
DB_17_A_005,6.157072869584334
DB_17_A_006,3.174255550598132
DB_17_A_007,6.1036382221224015
DB_17_A_008,5.519290932437162
DB_17_A_009,7.504921349908918
DB_17_A_010,4.64967509709105
DB_17_A_011,8.968372262267415
DB_17_A_012,6.8620236948921605
DB_17_A_013,7.59677308942928
DB_17_A_014,6.131974436005621
DB_17_A_015,6.2517271085459685
DB_17_A_016,4.713655508964882
DB_17_A_017,6.2380215847996565
DB_17_A_018,7.998437120623101
DB_17_A_019,8.546938332955671
DB_17_A_020,6.471356380664616
DB_17_A_021,11.965287412946907
DB_17_A_022,4.981208374697347
DB_17_A_023,5.889163756610273
DB_17_A_024,4.735492198903649
DB_17_A_025,7.882825175832434
DB_17_A_026,9.86827435708944
DB_17_A_027,6.458929811471714
DB_17_A_028,5.8805965549974895
DB_17_A_030,4.544020244927221
DB_17_A_031,7.390185400070813
DB_17_A_032,7.410430514097348
DB_17_A_033,5.965187839268536
DB_17_A_034,5.584434147497112
DB_17_A_035,7.028080045383352
DB_17_A_036,5.147127954912714
DB_17_A_037,4.972939259837083
DB_17_A_038,6.225263071388965
DB_17_A_039,8.211957171099993
DB_17_A_040,7.842664174686068
DB_17_A_041,9.188217079601268
DB_17_A_042,5.287043349891188
DB_17_A_043,4.28241438370069
DB_17_A_044,8.231312912546542
DB_17_A_045,11.118947676724686
DB_17_A_046,6.42273988557427
DB_17_A_047,6.8674646412194775
DB_17_A_048,8.397803699209836
DB_17_A_049,6.5598941084381925
DB_17_A_050,5.029994690262987
DB_17_A_051,6.600662995352116
DB_17_A_052,6.395059780284457
DB_17_A_053,6.247965118346296
DB_17_A_054,3.4140918553850583
DB_17_A_055,4.864076112997366
DB_17_A_056,6.667499627571561
DB_17_A_057,6.160171570803668
DB_17_A_058,7.110342882618598
DB_17_A_059,6.569375876228499
DB_17_A_060,6.377395219797645
DB_17_A_061,8.341580127350257
DB_17_A_062,6.940375395040101
DB_17_A_063,8.235987809481006
DB_17_A_064,7.575825557034974
DB_17_A_065,6.059273783910004
DB_17_A_066,10.830447505598704
DB_17_A_067,5.925526958352806
DB_17_A_068,7.356073578311467
DB_17_A_070,7.113979639482677
DB_17_A_071,7.521520601132513
DB_17_A_072,3.3724864250236783
DB_17_A_073,5.225561729246232
DB_17_A_074,7.4711661219447825
DB_17_A_075,7.133600664423811
DB_17_A_076,3.7399869675740853
DB_17_A_077,9.912993881512877
DB_17_A_078,5.577003304078118
DB_17_A_079,3.149131902158144
DB_17_A_080,8.278996547524274
DB_17_A_081,6.982218323768196
DB_17_A_082,8.219844001029271
DB_17_A_083,11.203312310803305
DB_17_A_084,5.0201399657042876
DB_17_A_085,4.501722865974535
DB_17_A_086,6.159877883934882
DB_17_A_087,6.859193873360368
DB_17_A_088,5.501571287975074
DB_17_A_089,6.258118792620621
DB_17_A_090,5.474706606326888
DB_17_A_091,3.9510913997376282
DB_17_A_092,6.425226994229885
DB_17_A_093,7.270581470626737
DB_17_A_094,6.928150241762941
DB_17_A_095,6.6832557471744085
DB_17_A_096,9.053234078592375
DB_17_A_097,10.285171022594307
DB_17_A_098,7.637394676874892
DB_17_A_099,5.952772175832554
DB_17_A_100,9.549223843398401
DB_18_A_001,10.23563305352785
DB_18_A_002,6.895290881005528
DB_18_A_003,5.953965649993899
DB_18_A_004,8.830872086738594
DB_18_A_005,8.118822989763215
DB_18_A_006,7.641407745210442
DB_18_A_007,9.442180734966731
DB_18_A_008,7.509297177478666
DB_18_A_009,9.486692574464435
DB_18_A_010,7.458163928728294
DB_18_A_011,13.08737186889465
DB_18_A_012,8.465678065857583
DB_18_A_013,9.698083638234666
DB_18_A_014,6.8464585907447715
DB_18_A_015,9.486347255567308
DB_18_A_016,6.066849987610524
DB_18_A_017,7.9809838923414755
DB_18_A_018,9.573938692226834
DB_18_A_019,10.56022102424003
DB_18_A_020,8.374822183833162
DB_18_A_021,11.138085438837058
DB_18_A_022,9.192560120119085
DB_18_A_023,9.115112528608817
DB_18_A_024,5.272386015485411
DB_18_A_025,9.748352607394077
DB_18_A_026,11.96588819180579
DB_18_A_027,9.027001923795249
DB_18_A_028,8.25589184533253
DB_18_A_029,10.362784376070687
DB_18_A_030,8.108970635455837
DB_18_A_031,8.674481434619096
DB_18_A_032,10.553357345060524
DB_18_A_033,10.352039902577703
DB_18_A_034,8.05907691391186
DB_18_A_035,10.319131183883473
DB_18_A_036,6.223649114046602
DB_18_A_037,5.708570476042755
DB_18_A_038,9.438057268990029
DB_18_A_039,10.594847426074153
DB_18_A_040,10.248844325509777
DB_18_A_041,12.030380848238051
DB_18_A_042,8.263501046451115
DB_18_A_043,5.026416202865264
DB_18_A_044,11.384598839766257
DB_18_A_045,12.537216361889731
DB_18_A_046,8.328579892207806
DB_18_A_047,9.845044781073534
DB_18_A_048,11.141293376029267
DB_18_A_049,10.548238925220065
DB_18_A_050,7.705120372227384
DB_18_A_051,7.802182378845654
DB_18_A_052,9.964309262073522
DB_18_A_053,8.885940600376735
DB_18_A_054,5.020660275412953
DB_18_A_055,8.08255894527167
DB_18_A_056,9.134212038894548
DB_18_A_057,9.129536111140144
DB_18_A_058,8.674095571699791
DB_18_A_059,8.59091149445459
DB_18_A_060,8.613663661972108
DB_18_A_061,9.878912995733833
DB_18_A_062,9.58422211384856
DB_18_A_063,12.621283078866723
DB_18_A_064,10.153763125823975
DB_18_A_065,9.141097215199977
DB_18_A_066,12.451998810397688
DB_18_A_067,7.986408074602968
DB_18_A_068,8.790935463129276
DB_18_A_069,10.46796255206724
DB_18_A_070,8.399940058717801
DB_18_A_071,10.383312166154736
DB_18_A_072,4.752433199732262
DB_18_A_073,8.271519473459325
DB_18_A_074,8.90961615300091
DB_18_A_075,8.726100264265082
DB_18_A_076,5.201496237674343
DB_18_A_077,12.905756361914117
DB_18_A_078,6.971419920050235
DB_18_A_079,5.692125105347625
DB_18_A_080,10.708537466915569
DB_18_A_081,8.96242961961207
DB_18_A_082,8.573738047060575
DB_18_A_083,13.882369307635413
DB_18_A_084,6.342888337462479
DB_18_A_085,6.91585177198647
DB_18_A_086,7.63519248583588
DB_18_A_087,9.336218847394669
DB_18_A_088,7.736304814050454
DB_18_A_089,8.639831524145679
DB_18_A_090,9.097476669591211
DB_18_A_091,7.147541076432953
DB_18_A_092,9.663983992903672
DB_18_A_093,10.023348383166303
DB_18_A_095,7.65123753613836
DB_18_A_096,12.40332255158898
DB_18_A_097,11.944622906058102
DB_18_A_098,9.172133517325355
DB_18_A_099,9.02965327286998
DB_18_A_100,11.90556073151931
DB_19_A_001,10.26991009562077
DB_19_A_002,9.95756773094848
DB_19_A_003,8.918656396811942
DB_19_A_004,10.62760451777158
DB_19_A_005,10.751601760232317
DB_19_A_006,9.565679369967805
DB_19_A_007,11.17915258868794
DB_19_A_008,9.766576374813509
DB_19_A_009,9.164092586925578
DB_19_A_010,9.125227382879933
DB_19_A_011,12.54558218725486
DB_19_A_012,10.95812908068705
DB_19_A_013,12.596297693766568
DB_19_A_014,10.683031543497991
DB_19_A_015,10.538383566530362
DB_19_A_016,8.499194300489943
DB_19_A_017,11.028661924563576
DB_19_A_018,12.80733148787829
DB_19_A_019,13.225493446397419
DB_19_A_020,9.857047744376779
DB_19_A_022,9.310127631025068
DB_19_A_023,9.599039583050756
DB_19_A_024,7.856485495129859
DB_19_A_026,13.718237653750622
DB_19_A_027,10.545614361708306
DB_19_A_028,10.699602299476036
DB_19_A_029,11.545795725687363
DB_19_A_030,10.86428445947544
DB_19_A_031,9.752134024571582
DB_19_A_032,11.774316834097577
DB_19_A_033,11.729357162367718
DB_19_A_034,10.562345959805452
DB_19_A_035,11.499701659609181
DB_19_A_036,8.144449620058877
DB_19_A_037,11.447656878784976
DB_19_A_038,11.34535982053663
DB_19_A_039,10.57594689118214
DB_19_A_040,12.307440508081836
DB_19_A_041,11.682930298006356
DB_19_A_042,9.627012674966098
DB_19_A_043,9.360483080824046
DB_19_A_044,12.655111024266672
DB_19_A_045,15.131003852278596
DB_19_A_046,11.290078524006594
DB_19_A_047,11.576772572482735
DB_19_A_048,10.87927300063658
DB_19_A_049,11.307689138790726
DB_19_A_050,8.709745749753335
DB_19_A_051,9.738260520567236
DB_19_A_052,12.609218354476427
DB_19_A_053,10.656985114292944
DB_19_A_054,7.805643109025925
DB_19_A_055,9.815849086651244
DB_19_A_056,10.334440576368907
DB_19_A_057,9.986754844218876
DB_19_A_058,10.438739774036723
DB_19_A_059,10.532327577118744
DB_19_A_060,11.369206813863379
DB_19_A_061,10.65706274172079
DB_19_A_062,11.891818827231974
DB_19_A_063,14.662783958194943
DB_19_A_064,12.121098346762825
DB_19_A_065,11.465778573343659
DB_19_A_066,13.900926891903335
DB_19_A_067,11.037585773079241
DB_19_A_068,10.211535651157169
DB_19_A_069,10.551924438919514
DB_19_A_070,11.556087378400433
DB_19_A_071,12.49758983408755
DB_19_A_072,7.290668862629353
DB_19_A_073,10.996805025120372
DB_19_A_074,11.037957195998526
DB_19_A_075,11.1219743498065
DB_19_A_076,7.916978385395375
DB_19_A_077,13.736571788742626
DB_19_A_078,9.26955990195669
DB_19_A_079,7.69360167124713
DB_19_A_080,11.642625248713074
DB_19_A_081,11.693502939979734
DB_19_A_082,11.848484022053492
DB_19_A_083,14.463058265803255
DB_19_A_084,9.032153627768286
DB_19_A_085,9.324759365898508
DB_19_A_086,9.480860339703057
DB_19_A_087,12.202733469973273
DB_19_A_088,11.229746929169114
DB_19_A_089,10.958126712549284
DB_19_A_090,9.53731103366319
DB_19_A_091,7.971922608315804
DB_19_A_092,10.99281268070223
DB_19_A_093,11.306617401658835
DB_19_A_094,12.54740907662057
DB_19_A_095,11.312021432686647
DB_19_A_096,14.089204056014003
DB_19_A_097,12.780570917177727
DB_19_A_098,11.430860752540816
DB_19_A_099,11.143706473819822
DB_19_A_100,13.89330177928018
DB_20_A_001,2.2906564861403123
DB_20_A_002,1.7688695187329349
DB_20_A_003,1.6884371125193907
DB_20_A_004,1.7994667796542987
DB_20_A_005,1.557269887823257
DB_20_A_006,1.977386046477029
DB_20_A_007,2.0602448707397536
DB_20_A_008,3.238651152104466
DB_20_A_009,2.20425987431812
DB_20_A_010,2.048429236854985
DB_20_A_011,2.871689637975143
DB_20_A_013,1.8514328006252498
DB_20_A_014,1.9606951068916445
DB_20_A_015,1.9891686248493976
DB_20_A_016,1.4839705339923885
DB_20_A_018,1.9326308879687735
DB_20_A_019,2.6337426489670688
DB_20_A_020,2.192467331073228
DB_20_A_021,4.555744022735397
DB_20_A_022,3.734892560277194
DB_20_A_023,2.643445923297348
DB_20_A_024,1.7985330539921711
DB_20_A_025,1.7052795640240974
DB_20_A_026,2.268958664275579
DB_20_A_028,3.3517507395571204
DB_20_A_029,2.220516628798723
DB_20_A_030,1.9453629406931592
DB_20_A_031,1.8653416798520772
DB_20_A_032,1.9912135434106188
DB_20_A_033,1.9342383674506545
DB_20_A_034,3.3990029781849866
DB_20_A_035,1.9949046713272263
DB_20_A_036,1.9225353613518659
DB_20_A_037,1.7161421568367563
DB_20_A_038,1.6917701951563984
DB_20_A_039,2.29963253358682
DB_20_A_040,1.7784260388009232
DB_20_A_041,2.8632613300497907
DB_20_A_042,3.4028445546747674
DB_20_A_043,1.7320417220902415
DB_20_A_044,2.088235445668692
DB_20_A_045,2.530807445431154
DB_20_A_046,1.9564923204368558
DB_20_A_047,1.8595313635744954
DB_20_A_048,2.1626423120730194
DB_20_A_049,1.7423127937214726
DB_20_A_050,1.8144344819594131
DB_20_A_051,1.7994960272676113
DB_20_A_052,2.0225261288916854
DB_20_A_053,2.1152521384268015
DB_20_A_054,1.9042249820733874
DB_20_A_055,1.9131538593194197
DB_20_A_056,2.49747023609541
DB_20_A_057,2.167283810701411
DB_20_A_058,2.388753941706565
DB_20_A_059,1.5775315257000635
DB_20_A_060,1.9985403868765979
DB_20_A_061,2.5936337444976125
DB_20_A_062,2.0140503480662013
DB_20_A_063,3.067573424775523
DB_20_A_064,1.7886778516509814
DB_20_A_065,1.9300301394923356
DB_20_A_066,3.0505168313586513
DB_20_A_067,1.6993609212529066
DB_20_A_068,2.1991264312164605
DB_20_A_069,2.067000568718861
DB_20_A_070,1.7968519254153072
DB_20_A_071,1.9141364312483884
DB_20_A_072,2.1924244780685647
DB_20_A_073,2.1098500414766432
DB_20_A_074,1.7912577359302562
DB_20_A_075,1.644745789987319
DB_20_A_076,1.3485664086624245
DB_20_A_077,3.112662877555377
DB_20_A_078,1.8123596546729734
DB_20_A_079,1.7833224630427982
DB_20_A_080,2.4758456803946265
DB_20_A_081,2.3195889669088716
DB_20_A_082,2.0685480051591467
DB_20_A_083,3.8495186705180418
DB_20_A_084,1.946567727546776
DB_20_A_085,2.227412529444546
DB_20_A_086,1.5808790208318253
DB_20_A_087,2.048516274801667
DB_20_A_088,2.5286552075046913
DB_20_A_089,1.479696765922937
DB_20_A_090,1.6717801268606016
DB_20_A_091,1.8817937019099062
DB_20_A_092,2.1947080569120496
DB_20_A_093,1.8010873664562064
DB_20_A_094,1.8767992487822247
DB_20_A_095,1.700774366013426
DB_20_A_096,3.001935298948236
DB_20_A_097,3.190902193092305
DB_20_A_098,1.848574225262657
DB_20_A_099,1.7405617244108385
DB_20_A_100,2.643952270803066
DB_21_A_001,4.89885901441814
DB_21_A_002,3.7751966629549862
DB_21_A_003,2.8949730843663906
DB_21_A_004,3.4539121141053455
DB_21_A_005,3.8462211047295063
DB_21_A_006,3.29660957413207
DB_21_A_007,3.9911443958720496
DB_21_A_008,4.132176708982672
DB_21_A_009,3.8728047011327624
DB_21_A_010,3.061566746847355
DB_21_A_011,5.654872679686759
DB_21_A_012,3.7884174778878035
DB_21_A_013,4.148134998608774
DB_21_A_014,3.4222797670582903
DB_21_A_015,4.345822860776055
DB_21_A_016,2.8800949058735754
DB_21_A_017,4.457022956004062
DB_21_A_018,4.172796534572503
DB_21_A_019,5.485824615786258
DB_21_A_020,3.855325539069552
DB_21_A_021,8.946220142298472
DB_21_A_022,4.169398330664813
DB_21_A_023,3.68159404137115
DB_21_A_024,3.041886896506332
DB_21_A_025,3.4531725359053986
DB_21_A_026,5.326038392965561
DB_21_A_027,4.964717539879025
DB_21_A_028,4.243815616223953
DB_21_A_029,5.406154431577357
DB_21_A_030,3.008775780962905
DB_21_A_031,4.695663951002821
DB_21_A_032,3.5565622225227336
DB_21_A_033,3.8833062410489982
DB_21_A_034,4.335233789555141
DB_21_A_035,4.136761075841875
DB_21_A_036,2.1873355012439695
DB_21_A_037,2.444820114897206
DB_21_A_038,3.955960761681683
DB_21_A_039,3.6821074086515466
DB_21_A_040,4.662513551336957
DB_21_A_041,6.1108567951009105
DB_21_A_042,4.871681081259884
DB_21_A_043,2.7299132329845284
DB_21_A_044,4.444109359187305
DB_21_A_045,5.723573385582859
DB_21_A_046,3.4369648769406855
DB_21_A_047,4.887072381554684
DB_21_A_048,4.917208520316951
DB_21_A_049,3.4893810045327167
DB_21_A_050,3.0220046477404856
DB_21_A_051,3.974766758762889
DB_21_A_052,3.452983404346953
DB_21_A_053,3.150520923690958
DB_21_A_054,1.6078740568187928
DB_21_A_055,3.0209587810915375
DB_21_A_056,3.952184443821781
DB_21_A_057,3.082275811704761
DB_21_A_058,4.080548498076305
DB_21_A_059,5.101645676065126
DB_21_A_060,3.2667749674420308
DB_21_A_061,5.776872854170131
DB_21_A_062,3.5570931033808053
DB_21_A_063,6.159117661198098
DB_21_A_064,4.177800084691543
DB_21_A_065,3.540890678319535
DB_21_A_066,6.657853025327322
DB_21_A_067,2.9721534592015098
DB_21_A_068,4.069516278797454
DB_21_A_069,5.406508867889169
DB_21_A_070,3.586922903452288
DB_21_A_071,5.226126783599554
DB_21_A_072,2.2470460153860525
DB_21_A_073,3.7323673880324617
DB_21_A_074,4.466654515827797
DB_21_A_075,3.4854686725366606
DB_21_A_076,2.4228678697259807
DB_21_A_077,5.476630795387321
DB_21_A_078,3.306283809157356
DB_21_A_079,2.179358390904673
DB_21_A_080,6.440221698484048
DB_21_A_081,3.8249563494064183
DB_21_A_082,4.0883939674782726
DB_21_A_083,6.929389075948923
DB_21_A_084,2.573320135632867
DB_21_A_085,3.642398726471517
DB_21_A_086,3.4902354028266203
DB_21_A_087,3.501151716013158
DB_21_A_088,4.5151486049559155
DB_21_A_089,3.7474097137457902
DB_21_A_090,2.9711883200999476
DB_21_A_091,2.7631741399829157
DB_21_A_092,3.437638466219618
DB_21_A_093,3.7513001503388006
DB_21_A_094,4.035857240183544
DB_21_A_095,2.8778543258728893
DB_21_A_096,5.283630703707892
DB_21_A_097,4.730366351111344
DB_21_A_098,3.831614749941476
DB_21_A_099,3.9610336706466125
DB_21_A_100,5.3224069935639715
DB_22_A_001,3.35642829751995
DB_22_A_002,2.7405537604066863
DB_22_A_003,2.680275539488502
DB_22_A_004,3.113586685745005
DB_22_A_005,2.318784958962236
DB_22_A_006,3.2849619096346165
DB_22_A_008,4.954863347686317
DB_22_A_009,3.998643298619718
DB_22_A_010,4.28114248972433
DB_22_A_011,6.641238968615771
DB_22_A_012,3.6416747092122246
DB_22_A_013,4.546270545412454
DB_22_A_014,3.625742307860888
DB_22_A_015,3.6660192483893
DB_22_A_016,2.9179325798698987
DB_22_A_017,4.9576683228890115
DB_22_A_019,5.308459533873906
DB_22_A_020,4.13204257774081
DB_22_A_021,8.9562945386313
DB_22_A_022,4.809207385868429
DB_22_A_024,1.8040170630430983
DB_22_A_025,3.6734520516577063
DB_22_A_026,5.952951602247054
DB_22_A_027,4.753289430706227
DB_22_A_028,4.8030280236313905
DB_22_A_029,4.191864708187227
DB_22_A_030,2.9871836784584778
DB_22_A_031,2.857359093507539
DB_22_A_032,4.543279039103079
DB_22_A_033,3.6611993343165046
DB_22_A_034,4.538844599492129
DB_22_A_035,4.62607281092538
DB_22_A_036,3.1244207322441424
DB_22_A_037,3.22135453568187
DB_22_A_038,3.7185537504550057
DB_22_A_039,4.362236373185781
DB_22_A_040,4.91007199430038
DB_22_A_041,5.269086304275263
DB_22_A_042,3.846345894676405
DB_22_A_043,2.7281871810879843
DB_22_A_044,4.7118796920934685
DB_22_A_045,6.912300779980279
DB_22_A_047,3.0944563576231996
DB_22_A_048,4.161865459040823
DB_22_A_049,4.681592413398941
DB_22_A_050,3.69658131747189
DB_22_A_051,3.542869005567258
DB_22_A_052,3.599107914967291
DB_22_A_053,3.2020505324328026
DB_22_A_054,2.5462968158759303
DB_22_A_055,3.9228967958179153
DB_22_A_056,4.859755358701357
DB_22_A_057,3.6401308562730104
DB_22_A_058,5.004173826231051
DB_22_A_059,3.245131598395643
DB_22_A_060,3.2871367884052938
DB_22_A_061,4.84879346015013
DB_22_A_062,4.370669327133724
DB_22_A_064,3.8736154650833674
DB_22_A_065,4.04232180754603
DB_22_A_066,6.452149448707865
DB_22_A_067,3.4946784292781103
DB_22_A_068,4.199407143058923
DB_22_A_069,4.179448085207859
DB_22_A_070,3.770261429127989
DB_22_A_071,4.921159141558692
DB_22_A_072,2.7065744511125436
DB_22_A_073,3.3230159881319117
DB_22_A_074,3.9474730704336327
DB_22_A_075,3.7290795912186008
DB_22_A_076,2.7019489963671384
DB_22_A_077,6.625433378793404
DB_22_A_078,2.8534834612497204
DB_22_A_079,2.2444562408335864
DB_22_A_080,4.801574488696535
DB_22_A_081,4.045182349486857
DB_22_A_082,4.178489871715224
DB_22_A_084,2.6446708997920236
DB_22_A_085,3.4865445467546463
DB_22_A_086,3.4700092695587874
DB_22_A_087,3.637097315870264
DB_22_A_088,4.570246045703519
DB_22_A_089,3.8278028211579356
DB_22_A_090,3.692366423731139
DB_22_A_091,2.98958540239428
DB_22_A_092,3.745138535229818
DB_22_A_093,3.9933724143052505
DB_22_A_094,4.605414677870969
DB_22_A_095,3.3333514908303385
DB_22_A_096,6.90087829832031
DB_22_A_097,5.67126653228493
DB_22_A_098,4.3539430454779
DB_22_A_099,3.9307359922644216
DB_22_A_100,6.648457604467308
